{
  "questions": [
    {
      "question": "Wie groß ist der Durchmesser der Erde?",
      "answers": ["12.742 km", "13.742 km", "14.742 km", "15.742 km"],
      "correct": 0
    },
    {
      "question": "Welcher Planet ist der zweitgrößte in unserem Sonnensystem?",
      "answers": ["Mars", "Venus", "Jupiter", "Saturn"],
      "correct": 3
    },
    {
      "question": "Wie heißt der erste Mensch im Weltraum?",
      "answers": ["Neil Armstrong", "Yuri Gagarin", "Buzz Aldrin", "John Glenn"],
      "correct": 1
    },
    {
      "question": "Was ist die Hauptaufgabe eines Raumteleskops?",
      "answers": ["Planetenerkundung", "Erforschung von Galaxien", "Untersuchung des Mondes", "Beobachtung des Sonnensystems"],
      "correct": 1
    },
    {
      "question": "Wie viele Sterne gibt es ungefähr in unserer Milchstraße?",
      "answers": ["10 Milliarden", "100 Milliarden", "500 Milliarden", "1 Billion"],
      "correct": 1
    },
    {
      "question": "Welches ist der größte bekannte Stern in der Milchstraße?",
      "answers": ["Sirius", "Alpha Centauri", "VY Canis Majoris", "Polarstern"],
      "correct": 2
    },
    {
      "question": "Wie schnell bewegt sich die Erde um die Sonne?",
      "answers": ["50.000 km/h", "100.000 km/h", "150.000 km/h", "200.000 km/h"],
      "correct": 1
    },
    {
      "question": "Wie wird der Zeitraum genannt, den die Erde benötigt, um einmal um die Sonne zu kreisen?",
      "answers": ["Tag", "Monat", "Jahr", "Dekade"],
      "correct": 2
    },
    {
      "question": "Was versteht man unter einer Sonnenfinsternis?",
      "answers": ["Verdeckung der Sonne durch den Mond", "Verdunkelung der Sonne durch die Erde", "Sichtbare Vergrößerung der Sonne", "Erhöhung der Sonnenaktivität"],
      "correct": 0
    },
    {
      "question": "Was ist das berühmteste Weltraumteleskop, das im Orbit um die Erde kreist?",
      "answers": ["Kepler-Teleskop", "Spitzer-Weltraumteleskop", "Hubble-Weltraumteleskop", "Chandra-Weltraumteleskop"],
      "correct": 2
    }
  ]
}
