{
  "questions": [
    {
      "question": "Wie viele Menschen sind auf dem Mond gelandet?",
      "answers": ["6", "8", "10", "12"],
      "correct": 3
    },
    {
      "question": "Wie viele Apollo-Missionen gab es insgesamt?",
      "answers": ["11", "12", "13", "17"],
      "correct": 3
    },
    {
      "question": "Wann fand die erste Mondlandung statt?",
      "answers": ["1967", "1968", "1969", "1970"],
      "correct": 2
    },
    {
      "question": "Wie hoch war die Saturn V Rakete?",
      "answers": ["100 m", "110 m", "120 m", "130 m"],
      "correct": 1
    }
  ]
}
