{
  "questions": [
    {
      "question": "Wie viele Planeten gibt es in unserem Sonnensystem?",
      "answers": ["6", "7", "8", "9"],
      "correct": 2
    },
    {
      "question": "Was ist der größte Planet in unserem Sonnensystem?",
      "answers": ["Mars", "Venus", "Jupiter", "Saturn"],
      "correct": 2
    },
    {
      "question": "Wie lange dauert es für Licht, um von der Sonne zur Erde zu gelangen?",
      "answers": ["8 Minuten", "10 Minuten", "12 Minuten", "14 Minuten"],
      "correct": 0
    },
    {
      "question": "Was ist der erste Satellit der Erde?",
      "answers": ["Sputnik 1", "Explorer 1", "Vanguard 1", "Telstar 1"],
      "correct": 0
    }
  ]
}
